,Age,RestingBP,Cholesterol,FastingBS,MaxHR,Oldpeak,HeartDisease
count,899.0,899.0,899.0,899.0,899.0,899.0,899.0
mean,53.4972191323693,132.02780867630702,198.0055617352614,0.2324805339265851,136.91768631813125,0.8615127919911012,0.5472747497219133
std,9.45607257356433,17.120895449878514,107.15777853859532,0.422648833064263,25.3567400050407,1.007625901986999,0.49803715295175327
min,28.0,80.0,0.0,0.0,63.0,-2.0,0.0
25%,47.0,120.0,174.5,0.0,120.0,0.0,0.0
50%,54.0,130.0,222.0,0.0,138.0,0.5,1.0
75%,60.0,140.0,266.0,0.0,156.0,1.5,1.0
max,77.0,185.0,518.0,1.0,202.0,4.0,1.0
